reference_case_id,source_id,authors,year,title,exact_page,figure,panel,original_terminology,canonical_terminology,instrument,station_regime,frequency_range,range_height_axis,morphology_described,interpretation_strength,limitations,rights_status,internal_image_availability,applicability_notes,domain_restrictions,descriptor_vector_json
REF001,A3L018,Panchenko et al.,2018,F-рассеяние в среднеширотной ионосфере по данным DPS-4,241,—,—,F-рассеяние / диффузный по дистанции / по частоте,mixed,DPS-4,midlatitude,,,Observational midlatitude SF definition components,morphology_labeled_by_source,Not Amp_all metrology; different instrument,journal_copyright_metadata_only,unavailable,Use as terminology/definition reference,midlatitude_observational_analogue,
REF002,A3L018,Panchenko et al.,2018,F-рассеяние в среднеширотной ионосфере по данным DPS-4,241,—,—,F-рассеяние по частоте,frequency,DPS-4,midlatitude,,,Frequency-aspect discussion,morphology_discussed_by_source,dFs scores not transferable as Amp_all MHz,journal_copyright_metadata_only,unavailable,Structural terminology only,midlatitude,
REF003,A3L018,Panchenko et al.,2018,F-рассеяние в среднеширотной ионосфере по данным DPS-4,241,—,—,диффузный по дистанции,range,DPS-4,midlatitude,,,Range-diffuse aspect,morphology_discussed_by_source,Nominal vs true height still applies,journal_copyright_metadata_only,unavailable,Structural terminology only,midlatitude,
REF004,A3L006,Benchawattananon et al.,2024,Automatic classification of spread-F types in ionogram images using SVM and CNN,2,Fig.1,a-f,FSF/RSF/MSF/SSF/clear/unidentified,frequency,various ionogram images,mixed_regimes,,,Class collage taxonomy,morphology_labeled_by_source,Taxonomy not identical to Article 2; regime may differ,cc_by_4_0_metadata_preferred,unavailable_in_default_install,Optional local pack may add attributed images under CC BY 4.0,do_not_assume_kazan_identity,
REF005,A3L006,Benchawattananon et al.,2024,Automatic classification of spread-F types...,2,Fig.1,RSF,RSF,range,various,mixed_regimes,,,Range spread class in source taxonomy,morphology_labeled_by_source,Mapped with caution to Article 2 range,cc_by_4_0_metadata_preferred,unavailable_in_default_install,Metadata citation,regime_caution,
REF006,A3L006,Benchawattananon et al.,2024,Automatic classification of spread-F types...,2,Fig.1,MSF,MSF,mixed,various,mixed_regimes,,,Mixed spread class,morphology_labeled_by_source,Mapped with caution,cc_by_4_0_metadata_preferred,unavailable_in_default_install,Metadata citation,regime_caution,
REF007,A3L007,ИПГ / Росгидромет,2008,Труды ИПГ вып.87,14-17,—,—,действующая vs истинная высота; O/X,indeterminate,VS theory,general_VS,,,Virtual height and O/X interpretation guidance,morphology_discussed_by_source,Not a morphology atlas,copyright_metadata_only,unavailable,Use for axis/O/X limitations not morphology class images,general,
REF008,A3L014,Котонаева Н.Г. (ed.),2019,Системный мониторинг ионосферы,~34 / рис.6,Рис.6,—,ionogram examples,other,monitoring collection,mixed,,,Example ionograms in monitoring context,unclear,Not dedicated SF morphology atlas; copyrighted,copyright_metadata_only,unavailable,Citation only in default install,not_sf_atlas,
REF009,A3L015,Calvert W.,1962,Equatorial Spread F,1,—,—,Equatorial SF types,other,historical,equatorial,,,Equatorial morphology catalog,mechanism_hypothesis,C04 forbids direct transfer to Kazan,public_domain_or_gov_metadata,unavailable_in_default_install,Historical context only,equatorial_no_direct_kazan,
